energy,battery.png
coin,coin.png
apple,apple.png
mission,mission.png
pdev,pdev.png
bigpic,bigpic.png
actfocus,actfocus.png
clearn,clearn.png
cform,cform.png
3bs,3bs.png
3ps,3ps.png
pdrive,pdrive.png
pick01,pick03.png
pick02,pick01.png
pick03,pick02.png
pick04,pick03.png
pick05,pick01.png
pick06,pick02.png
cd01,cd01.png
cd02,cd01.png
cd03,cd01.png
bottle01,bottle.png
bottle02,bottle.png
bottle03,bottle.png
bottle04,bottle.png
bottle05,bottle.png
bottle06,bottle.png
bottle07,bottle.png
bottle08,bottle.png
bottle09,bottle.png
bca01,buku_bca.png
bca02,buku_bca.png
bca03,buku_bca.png
flazx01,flazz.png
flazx02,flazz.png
flazx03,flazz.png
money01,money.png
money02,money.png
money03,money.png
concerto01,concerto01.png
concerto02,concerto02.png
concerto03,concerto03.png
concerto04,concerto04.png
concerto05,concerto01.png
concerto06,concerto02.png
concerto07,concerto03.png
concerto08,concerto04.png
concerto09,concerto01.png




